"variable","n_non_na","n_unique","mean","sd","var"
"HEADCOUNT",92352,1531,71.667273042273,486.699513001756,236876.415956146
